fitness,lr0,lrf,momentum,weight_decay,warmup_epochs,warmup_momentum,box,cls,dfl,hsv_h,hsv_s,hsv_v,degrees,translate,scale,shear,perspective,flipud,fliplr,bgr,mosaic,mixup,cutmix,copy_paste
0.87971,0.01,0.01,0.937,0.0005,3.0,0.8,7.5,0.5,1.5,0.015,0.7,0.4,0.0,0.1,0.5,0.0,0.0,0.0,0.5,0.0,1.0,0.0,0.0,0.0
0.88086,0.0099,0.01,0.95559,0.00047,3.0,0.73206,8.08998,0.5,1.52123,0.01533,0.72553,0.41365,0.0,0.1,0.5,0.0,0.0,0.0,0.49958,0.0,0.90391,0.0,0.0,0.0
0.88109,0.00854,0.01,0.95559,0.00047,2.80233,0.79078,8.08998,0.56588,1.58562,0.01533,0.76744,0.3497,0.0,0.1,0.50328,0.0,0.0,0.0,0.46667,0.0,0.94806,0.0,0.0,0.0
0.87828,0.00791,0.01,0.98,0.0005,3.13252,0.76539,8.94666,0.50407,1.67799,0.01361,0.69382,0.38821,0.0,0.11402,0.51766,0.0,0.0,0.0,0.48025,0.0,1.0,0.0,0.0,0.0
0.86349,0.00889,0.01049,0.93016,0.00053,1.82926,0.8,8.61024,0.4061,1.5,0.0126,0.79439,0.50037,0.0,0.11433,0.60397,0.0,0.0,0.0,0.48457,0.0,1.0,0.0,0.0,0.0
0.87842,0.00933,0.01041,0.9496,0.00042,3.0,0.78495,8.08998,0.5,1.52123,0.01533,0.68224,0.38085,0.0,0.11287,0.49962,0.0,0.0,0.0,0.54474,0.0,0.89159,0.0,0.0,0.0
0.88241,0.00855,0.01,0.94606,0.00047,2.33633,0.86462,9.18568,0.71951,1.27187,0.01361,0.89719,0.3497,0.0,0.09352,0.48331,0.0,0.0,0.0,0.41134,0.0,0.77764,0.0,0.0,0.0
0.86352,0.00804,0.0088,0.94914,0.00036,3.11392,0.83181,11.72497,0.57301,1.52123,0.01726,0.49573,0.41365,0.0,0.11144,0.6527,0.0,0.0,0.0,0.46077,0.0,0.90391,0.0,0.0,0.0
