fitness,lr0,lrf,momentum,weight_decay,warmup_epochs,warmup_momentum,box,cls,dfl,hsv_h,hsv_s,hsv_v,degrees,translate,scale,shear,perspective,flipud,fliplr,bgr,mosaic,mixup,cutmix,copy_paste
0.73446,0.01,0.01,0.937,0.0005,3.0,0.8,7.5,0.5,1.5,0.015,0.7,0.4,0.0,0.1,0.5,0.0,0.0,0.0,0.5,0.0,1.0,0.0,0.0,0.0
0.75479,0.01023,0.01,0.98,0.00037,3.17567,0.7465,5.83119,0.65981,1.26811,0.0124,0.79346,0.4,0.0,0.08845,0.51178,0.0,0.0,0.0,0.5,0.0,1.0,0.0,0.0,0.0
0.76065,0.01001,0.01003,0.98,0.00031,2.92152,0.91204,5.62558,0.70029,1.2115,0.01242,0.9,0.4398,0.0,0.09303,0.47693,0.0,0.0,0.0,0.53469,0.0,0.92739,0.0,0.0,0.0
0.77804,0.01092,0.01296,0.98,0.00035,3.17567,0.69645,5.4976,0.69935,1.26811,0.0124,0.70534,0.49175,0.0,0.08286,0.44177,0.0,0.0,0.0,0.45064,0.0,1.0,0.0,0.0,0.0
0.7499,0.01075,0.01097,0.98,0.00037,3.17567,0.81102,5.83341,0.64514,1.41037,0.01071,0.79346,0.34967,0.0,0.08845,0.54764,0.0,0.0,0.0,0.47573,0.0,1.0,0.0,0.0,0.0
0.76679,0.00999,0.01369,0.98,0.00035,2.86632,0.69645,6.71813,0.81789,1.26811,0.01086,0.70534,0.49934,0.0,0.08286,0.47703,0.0,0.0,0.0,0.46456,0.0,1.0,0.0,0.0,0.0
0.76197,0.0097,0.01279,0.97366,0.00032,2.49339,0.69828,6.71813,0.81789,1.19729,0.01092,0.85177,0.51303,0.0,0.08286,0.51628,0.0,0.0,0.0,0.46456,0.0,1.0,0.0,0.0,0.0
